{
  "accuracy": 0.7708333333333334,
  "auc": 0.8129370629370629,
  "precision": 0.8260869565217391,
  "recall": 0.7307692307692307,
  "regime_3.0_acc": 0.7391304347826086,
  "regime_4.0_acc": 0.8
}